GEO.id,GEO.id2,GEO.display-label,NAICS.id,NAICS.display-label,YEAR.id,RCPTOTI,ESTAB,ECTGE20,EMP,PAYANN,EMPAVPW,HOURS,PAYANPW,VALADD,CSTMTOT,RCPTOT,CEXTOT
Geographic identifier code,Id2,Geographic area name,2007 NAICS code,Meaning of 2007 NAICS code,Year,Percent estimated,Number of establishments,Establishments with 20 employees or more,Number of employees,"Annual payroll ($1,000)",Production workers avg per year,"Production workers hours (1,000)","Production workers, nonleased employees wages ($1,000)","Value added ($1,000)","Total cost of materials ($1,000)","Total value of shipments ($1,000)","Total capital expenditures (new and used) ($1,000)"
3100000US10180,10180,"Abilene, TX Metro Area",31-33,Manufacturing,2007,2,122,32,2733,98410,2162,4498,67949,427166,452611,872629,23582
3100000US10420,10420,"Akron, OH Metro Area",31-33,Manufacturing,2007,1,1188,462,43853,1954354,31284,63255,1186451,6605980,5682210,12245104,341074
3100000US10500,10500,"Albany, GA Metro Area",31-33,Manufacturing,2007,0,121,37,6359,293109,5188,10841,225336,2307999,1294702,3634275,106183
3100000US10580,10580,"Albany-Schenectady-Troy, NY Metro Area",31-33,Manufacturing,2007,1,644,206,21188,1042708,14420,29092,615002,3819979,3846533,7638749,206132
3100000US10740,10740,"Albuquerque, NM Metro Area",31-33,Manufacturing,2007,0,772,181,23520,1084617,15635,30801,630560,5588234,2835371,8364050,D
3100000US10780,10780,"Alexandria, LA Metro Area",31-33,Manufacturing,2007,0,90,27,4781,203942,3449,6805,143978,2901326,1456620,4348658,58420
3100000US10900,10900,"Allentown-Bethlehem-Easton, PA-NJ Metro Area",31-33,Manufacturing,2007,0,951,338,38581,1779003,25938,51830,1000260,7542530,6196934,13681164,446315
3100000US11020,11020,"Altoona, PA Metro Area",31-33,Manufacturing,2007,0,139,54,7282,285566,5255,10377,182195,1004338,933119,1931222,40125
3100000US11100,11100,"Amarillo, TX Metro Area",31-33,Manufacturing,2007,2,209,39,8141,316301,6425,13550,227452,1242496,3314688,4404519,63970
3100000US11180,11180,"Ames, IA Metro Area",31-33,Manufacturing,2007,0,75,35,4668,213399,2995,6267,118487,D,D,1970829,41167
3100000US11260,11260,"Anchorage, AK Metro Area",31-33,Manufacturing,2007,2,230,36,2522,99927,1705,3218,61002,285144,246455,527634,17824
3100000US11300,11300,"Anderson, IN Metro Area",31-33,Manufacturing,2007,0,118,30,4652,191848,3445,7040,119205,408347,635858,1046853,45041
3100000US11340,11340,"Anderson, SC Metro Area",31-33,Manufacturing,2007,0,222,80,12655,495208,9804,20796,337448,1433238,3473744,4886331,136449
3100000US11460,11460,"Ann Arbor, MI Metro Area",31-33,Manufacturing,2007,2,324,115,15543,881417,10908,23059,565210,2049452,3290273,5331756,228125
3100000US11500,11500,"Anniston-Oxford, AL Metro Area",31-33,Manufacturing,2007,1,141,47,6961,279304,5323,11100,180255,1233965,1506823,2679991,66702
3100000US11540,11540,"Appleton, WI Metro Area",31-33,Manufacturing,2007,0,415,178,22900,1044131,16869,35304,698973,3080296,5043200,8157804,221647
3100000US11700,11700,"Asheville, NC Metro Area",31-33,Manufacturing,2007,1,517,162,21057,863497,14834,30731,526013,D,D,6271524,D
3100000US12020,12020,"Athens-Clarke County, GA Metro Area",31-33,Manufacturing,2007,1,165,55,7971,300537,6378,12346,215841,1133861,1080080,2219700,78302
3100000US12060,12060,"Atlanta-Sandy Springs-Marietta, GA Metro Area",31-33,Manufacturing,2007,1,4312,1331,161018,6922005,114450,230781,4031370,25511888,33209150,58521501,1398448
3100000US12100,12100,"Atlantic City, NJ Metro Area",31-33,Manufacturing,2007,4,140,34,2974,113792,2343,4692,75417,D,D,D,15821
3100000US12220,12220,"Auburn-Opelika, AL Metro Area",31-33,Manufacturing,2007,1,123,50,i,D,D,D,D,D,D,D,D
3100000US12260,12260,"Augusta-Richmond County, GA-SC Metro Area",31-33,Manufacturing,2007,0,348,140,24428,1145346,17681,37709,728895,5745377,6898141,12650586,608135
3100000US12420,12420,"Austin-Round Rock, TX Metro Area",31-33,Manufacturing,2007,0,1254,316,47630,2345739,29844,60344,1155311,16816791,14517668,31352521,2184177
3100000US12540,12540,"Bakersfield, CA Metro Area",31-33,Manufacturing,2007,3,390,104,12789,583716,9809,18308,347580,3450564,6173191,9456205,220835
3100000US12580,12580,"Baltimore-Towson, MD Metro Area",31-33,Manufacturing,2007,1,1923,589,70099,3738062,42815,86164,1745076,12701340,11462760,24306480,805996
3100000US12620,12620,"Bangor, ME Metro Area",31-33,Manufacturing,2007,3,155,45,4795,171867,3392,6428,120682,588607,510594,1088511,41001
3100000US12700,12700,"Barnstable Town, MA Metro Area",31-33,Manufacturing,2007,1,210,28,2461,110281,1396,2650,D,325222,212461,533264,12773
3100000US12940,12940,"Baton Rouge, LA Metro Area",31-33,Manufacturing,2007,0,593,189,24773,1555105,16892,36515,951408,D,D,D,D
3100000US12980,12980,"Battle Creek, MI Metro Area",31-33,Manufacturing,2007,0,179,79,11532,537450,8644,17691,370377,2526034,2430758,4953967,175240
3100000US13020,13020,"Bay City, MI Metro Area",31-33,Manufacturing,2007,0,126,40,3532,191186,2663,5484,127985,524724,590168,1107212,34781
3100000US13140,13140,"Beaumont-Port Arthur, TX Metro Area",31-33,Manufacturing,2007,0,334,146,21563,1369360,16136,34279,941475,9248106,46354657,55089593,1223622
3100000US13380,13380,"Bellingham, WA Metro Area",31-33,Manufacturing,2007,0,334,98,10165,467238,7200,14254,281334,2564749,9560165,11809690,193690
3100000US13460,13460,"Bend, OR Metro Area",31-33,Manufacturing,2007,2,299,50,5359,201741,3643,7074,110283,480017,410823,897387,32217
3100000US13740,13740,"Billings, MT Metro Area",31-33,Manufacturing,2007,2,199,34,4019,192402,2598,5037,122528,1890303,3931162,5749027,130885
3100000US13780,13780,"Binghamton, NY Metro Area",31-33,Manufacturing,2007,0,248,94,12807,547321,8391,16514,258976,1440932,1593256,3061130,68489
3100000US13820,13820,"Birmingham-Hoover, AL Metro Area",31-33,Manufacturing,2007,1,1124,370,43380,1858171,31224,64219,1183913,6728002,7441252,14083714,459574
3100000US13900,13900,"Bismarck, ND Metro Area",31-33,Manufacturing,2007,2,112,20,3008,128694,2236,4470,82566,448776,2014570,2444213,46742
3100000US13980,13980,"Blacksburg-Christiansburg-Radford, VA Metro Area",31-33,Manufacturing,2007,0,144,62,12277,563753,9137,18482,310575,2265691,2314608,4578745,69734
3100000US14020,14020,"Bloomington, IN Metro Area",31-33,Manufacturing,2007,0,165,40,8676,358601,5833,12257,195091,1229590,890326,2098277,84934
3100000US14060,14060,"Bloomington-Normal, IL Metro Area",31-33,Manufacturing,2007,0,115,37,5497,270463,4112,7502,177576,553039,2028116,2578827,95431
3100000US14260,14260,"Boise City-Nampa, ID Metro Area",31-33,Manufacturing,2007,0,686,171,31240,1593155,21704,43031,927007,5130246,2779050,7792322,651781
3100000US14460,14460,"Boston-Cambridge-Quincy, MA-NH Metro Area",31-33,Manufacturing,2007,1,5111,1659,195861,11207101,111718,223004,4600279,35901315,25772352,61691318,1974685
3100000US14500,14500,"Boulder, CO Metro Area",31-33,Manufacturing,2007,2,534,146,16791,896896,8940,17450,317551,2665659,1330984,3855872,133147
3100000US14540,14540,"Bowling Green, KY Metro Area",31-33,Manufacturing,2007,1,123,50,9585,420712,7400,14067,290043,1874623,2645436,4553422,102415
3100000US14740,14740,"Bremerton-Silverdale, WA Metro Area",31-33,Manufacturing,2007,2,163,26,2154,78324,1529,2799,46647,D,D,D,11188
3100000US14860,14860,"Bridgeport-Stamford-Norwalk, CT Metro Area",31-33,Manufacturing,2007,1,1029,295,42123,2455366,24454,46814,1090196,13458783,6525018,20028377,602023
3100000US15180,15180,"Brownsville-Harlingen, TX Metro Area",31-33,Manufacturing,2007,4,221,48,i,D,D,D,D,D,D,D,D
3100000US15260,15260,"Brunswick, GA Metro Area",31-33,Manufacturing,2007,0,90,19,2703,127959,2035,4037,85920,331391,709612,1039920,61098
3100000US15380,15380,"Buffalo-Niagara Falls, NY Metro Area",31-33,Manufacturing,2007,1,1381,479,58267,2971516,40118,81866,1800583,9659754,9682663,19306856,464881
3100000US15500,15500,"Burlington, NC Metro Area",31-33,Manufacturing,2007,1,236,106,11733,444964,8861,17583,270891,1580258,1558420,3163071,82510
3100000US15540,15540,"Burlington-South Burlington, VT Metro Area",31-33,Manufacturing,2007,0,267,82,14916,825899,8112,16082,341032,1950445,4258563,6278427,176131
3100000US15940,15940,"Canton-Massillon, OH Metro Area",31-33,Manufacturing,2007,0,591,210,28877,1239007,21017,42006,804149,4079844,6701206,10732040,316904
3100000US15980,15980,"Cape Coral-Fort Myers, FL Metro Area",31-33,Manufacturing,2007,2,403,69,5988,222612,4172,8353,130808,672939,498270,1181824,45219
3100000US16180,16180,"Carson City, NV Metro Area",31-33,Manufacturing,2007,2,143,39,3528,141714,2509,5137,71684,387624,237172,621630,25867
3100000US16220,16220,"Casper, WY Metro Area",31-33,Manufacturing,2007,0,94,31,2525,114946,2041,4394,83018,394627,876270,1230635,25905
3100000US16300,16300,"Cedar Rapids, IA Metro Area",31-33,Manufacturing,2007,0,297,114,19479,1183263,10166,20784,450664,4956772,3781841,8586734,178442
3100000US16580,16580,"Champaign-Urbana, IL Metro Area",31-33,Manufacturing,2007,3,178,56,10029,375293,7907,15168,262812,1321216,2325416,3636274,107776
3100000US16620,16620,"Charleston, WV Metro Area",31-33,Manufacturing,2007,0,184,51,5767,318686,4095,9087,209565,1416924,3113847,4491459,215770
3100000US16700,16700,"Charleston-North Charleston, SC Metro Area",31-33,Manufacturing,2007,1,493,160,22043,1041912,15848,33918,641154,5520922,7800902,13226823,428702
3100000US16740,16740,"Charlotte-Gastonia-Concord, NC-SC Metro Area",31-33,Manufacturing,2007,1,1926,637,75520,3256219,55036,109991,1956665,22683420,14431429,37009656,693980
3100000US16820,16820,"Charlottesville, VA Metro Area",31-33,Manufacturing,2007,2,167,37,3650,D,2371,4440,85228,661725,431341,1087327,20708
3100000US16860,16860,"Chattanooga, TN-GA Metro Area",31-33,Manufacturing,2007,1,653,234,37654,1484351,28215,56803,938757,5098051,6334535,11406249,348195
3100000US16940,16940,"Cheyenne, WY Metro Area",31-33,Manufacturing,2007,8,61,19,1710,80855,1228,2441,49464,1556486,865270,2420198,D
3100000US16980,16980,"Chicago-Naperville-Joliet, IL-IN-WI Metro Area",31-33,Manufacturing,2007,1,12022,4234,482380,24318973,327891,679125,13083498,81719510,97323564,177305357,4909782
3100000US17020,17020,"Chico, CA Metro Area",31-33,Manufacturing,2007,3,224,54,4404,150551,3052,5362,88840,503091,486856,987397,28320
3100000US17140,17140,"Cincinnati-Middletown, OH-KY-IN Metro Area",31-33,Manufacturing,2007,1,2531,949,125573,6169691,83871,170016,3437825,23891258,26634472,50675746,1181551
3100000US17300,17300,"Clarksville, TN-KY Metro Area",31-33,Manufacturing,2007,1,169,70,12535,496645,9996,21078,346388,1900480,2457123,4357271,149440
3100000US17420,17420,"Cleveland, TN Metro Area",31-33,Manufacturing,2007,0,144,48,9807,340175,7440,13507,236367,2783614,1954972,4730947,60640
3100000US17460,17460,"Cleveland-Elyria-Mentor, OH Metro Area",31-33,Manufacturing,2007,1,3774,1264,141166,6876555,99375,205167,4183554,21150367,21044939,42181134,1086873
3100000US17660,17660,"Coeur d'Alene, ID Metro Area",31-33,Manufacturing,2007,1,246,55,4401,163346,3191,6228,98730,396535,592619,992158,39763
3100000US17780,17780,"College Station-Bryan, TX Metro Area",31-33,Manufacturing,2007,1,134,43,5316,181879,3968,8501,107180,506955,552544,1059619,24625
3100000US17820,17820,"Colorado Springs, CO Metro Area",31-33,Manufacturing,2007,3,516,102,14448,693165,9144,18548,327528,3654619,1394444,5075250,393685
3100000US17860,17860,"Columbia, MO Metro Area",31-33,Manufacturing,2007,0,107,27,4831,192883,3596,6761,115731,688253,899930,1605892,D
3100000US17900,17900,"Columbia, SC Metro Area",31-33,Manufacturing,2007,0,574,201,29335,1282539,21413,42677,794428,4901592,6828041,11562463,476849
3100000US17980,17980,"Columbus, GA-AL Metro Area",31-33,Manufacturing,2007,1,201,75,10451,404651,8038,16259,284738,1850464,1530440,3354410,89323
3100000US18020,18020,"Columbus, IN Metro Area",31-33,Manufacturing,2007,1,143,66,11711,502857,8919,19367,332287,1566584,3297848,4843890,143543
3100000US18140,18140,"Columbus, OH Metro Area",31-33,Manufacturing,2007,1,1523,525,69841,3346440,49406,98601,2060586,16787914,17594709,34330434,851693
3100000US18580,18580,"Corpus Christi, TX Metro Area",31-33,Manufacturing,2007,0,255,72,9899,D,D,14917,D,D,D,D,D
3100000US18700,18700,"Corvallis, OR Metro Area",31-33,Manufacturing,2007,2,92,17,4322,209840,2295,4549,134840,302368,291885,590473,20584
3100000US19060,19060,"Cumberland, MD-WV Metro Area",31-33,Manufacturing,2007,0,74,25,4299,195609,3021,6155,117766,480767,624425,1123916,69115
3100000US19100,19100,"Dallas-Fort Worth-Arlington, TX Metro Area",31-33,Manufacturing,2007,1,6102,2024,304809,15172259,190765,382228,7167621,53241729,54117682,104883790,2439164
3100000US19140,19140,"Dalton, GA Metro Area",31-33,Manufacturing,2007,0,399,173,27729,863743,23385,49895,623967,4134775,5042246,9130610,155650
3100000US19180,19180,"Danville, IL Metro Area",31-33,Manufacturing,2007,3,100,42,5458,239705,4197,8847,167422,938070,1642035,2576404,77428
3100000US19260,19260,"Danville, VA Metro Area",31-33,Manufacturing,2007,0,96,39,6926,293956,5678,11324,211256,765031,1269337,2028074,66495
3100000US19340,19340,"Davenport-Moline-Rock Island, IA-IL Metro Area",31-33,Manufacturing,2007,0,423,161,25175,1137468,19115,37991,752341,4786700,6779656,11531157,294785
3100000US19380,19380,"Dayton, OH Metro Area",31-33,Manufacturing,2007,0,1214,453,52046,2360054,36846,73946,1453580,7692826,11118987,18850956,402234
3100000US19460,19460,"Decatur, AL Metro Area",31-33,Manufacturing,2007,0,223,81,13563,668264,10602,21560,468890,3099992,6481302,9505886,337635
3100000US19500,19500,"Decatur, IL Metro Area",31-33,Manufacturing,2007,0,112,39,8762,409351,6188,12519,245490,3443973,6127663,9590836,104017
3100000US19660,19660,"Deltona-Daytona Beach-Ormond Beach, FL Metro Area",31-33,Manufacturing,2007,1,369,76,9491,366172,6486,12206,195957,1016811,930312,1948646,73847
3100000US19740,19740,"Denver-Aurora, CO Metro Area",31-33,Manufacturing,2007,2,2443,594,67646,3445480,46460,93805,1991416,12308017,12043979,24222790,493366
3100000US19780,19780,"Des Moines-West Des Moines, IA Metro Area",31-33,Manufacturing,2007,1,471,149,21153,919057,14580,28690,550406,3739451,4729413,8439458,195387
3100000US19820,19820,"Detroit-Warren-Livonia, MI Metro Area",31-33,Manufacturing,2007,1,5987,1870,234520,13174340,171436,349609,8925224,41635288,70945551,112084489,2869103
3100000US20020,20020,"Dothan, AL Metro Area",31-33,Manufacturing,2007,2,170,46,7348,253555,5908,11598,180221,780547,1066365,1889840,40848
3100000US20100,20100,"Dover, DE Metro Area",31-33,Manufacturing,2007,0,87,31,5253,213821,4233,8716,151481,1555662,811189,2361835,63852
3100000US20220,20220,"Dubuque, IA Metro Area",31-33,Manufacturing,2007,0,150,55,9378,380250,6830,13177,247975,1567911,3125764,4711245,64238
3100000US20260,20260,"Duluth, MN-WI Metro Area",31-33,Manufacturing,2007,0,310,86,8551,370791,6180,11884,221417,1350916,2184634,3487877,79293
3100000US20500,20500,"Durham, NC Metro Area",31-33,Manufacturing,2007,1,373,107,21560,1044739,14820,30915,557636,6333109,5222323,11749338,395711
3100000US20740,20740,"Eau Claire, WI Metro Area",31-33,Manufacturing,2007,0,228,80,10762,424153,8431,16686,299067,1468953,1656723,3108968,183218
3100000US20940,20940,"El Centro, CA Metro Area",31-33,Manufacturing,2007,0,58,18,2846,96919,2310,5056,72760,215309,1002659,1207866,38307
3100000US21060,21060,"Elizabethtown, KY Metro Area",31-33,Manufacturing,2007,0,99,34,6206,245148,4933,8770,170820,830320,1060102,1882301,64827
3100000US21140,21140,"Elkhart-Goshen, IN Metro Area",31-33,Manufacturing,2007,1,852,455,64309,2508440,50739,100096,1705995,6019908,9772870,15779841,232035
3100000US21300,21300,"Elmira, NY Metro Area",31-33,Manufacturing,2007,0,93,43,6348,285809,4427,8888,159857,720530,555398,1280767,58508
3100000US21340,21340,"El Paso, TX Metro Area",31-33,Manufacturing,2007,0,588,150,16091,617649,11841,23941,357319,3505591,10927041,14423498,264951
3100000US21500,21500,"Erie, PA Metro Area",31-33,Manufacturing,2007,0,505,212,24441,1190237,18197,37496,780795,3162814,3723044,6890810,208783
3100000US21660,21660,"Eugene-Springfield, OR Metro Area",31-33,Manufacturing,2007,3,606,173,20273,853609,14481,28875,534067,2879847,3334846,6219861,202050
3100000US21780,21780,"Evansville, IN-KY Metro Area",31-33,Manufacturing,2007,0,478,196,33017,1619541,24899,50604,1115110,8901340,12659680,21220210,731926
3100000US21820,21820,"Fairbanks, AK Metro Area",31-33,Manufacturing,2007,0,78,7,745,37336,528,1075,25595,D,D,D,24943
3100000US22020,22020,"Fargo, ND-MN Metro Area",31-33,Manufacturing,2007,0,249,86,9191,346627,6573,12968,210384,D,D,2797168,91048
3100000US22140,22140,"Farmington, NM Metro Area",31-33,Manufacturing,2007,1,91,21,1649,64313,1162,2202,38628,215825,459213,668723,33681
3100000US22180,22180,"Fayetteville, NC Metro Area",31-33,Manufacturing,2007,0,126,43,10561,450105,8088,16888,295908,1726681,2076774,3758756,183032
3100000US22220,22220,"Fayetteville-Springdale-Rogers, AR-MO Metro Area",31-33,Manufacturing,2007,1,457,137,30601,1007283,24313,50124,694700,3234258,3729840,7300580,170376
3100000US22380,22380,"Flagstaff, AZ Metro Area",31-33,Manufacturing,2007,1,109,17,4219,240522,2465,4478,87573,1190654,354654,1526810,44697
3100000US22420,22420,"Flint, MI Metro Area",31-33,Manufacturing,2007,0,309,82,14878,1099584,11405,25040,837871,D,D,12579452,181442
3100000US22500,22500,"Florence, SC Metro Area",31-33,Manufacturing,2007,0,182,76,11892,546245,9253,18905,365082,2178019,3101739,5318723,157805
3100000US22520,22520,"Florence-Muscle Shoals, AL Metro Area",31-33,Manufacturing,2007,3,203,68,7312,301344,5187,11061,207227,1082692,2089019,3166824,129281
3100000US22540,22540,"Fond du Lac, WI Metro Area",31-33,Manufacturing,2007,0,151,65,9745,392312,7638,14925,277426,1312702,1593404,2903240,44202
3100000US22660,22660,"Fort Collins-Loveland, CO Metro Area",31-33,Manufacturing,2007,2,420,86,11764,664478,6412,12924,247076,1933561,1291512,3226757,91698
3100000US22900,22900,"Fort Smith, AR-OK Metro Area",31-33,Manufacturing,2007,1,337,113,25540,815965,21355,39687,616204,3017260,4304196,7271997,144823
3100000US23020,23020,"Fort Walton Beach-Crestview-Destin, FL Metro Area",31-33,Manufacturing,2007,2,98,18,3858,166432,2374,3815,76341,397190,300646,656730,14513
3100000US23060,23060,"Fort Wayne, IN Metro Area",31-33,Manufacturing,2007,0,694,280,38250,1837402,26958,55350,1106310,12456796,10147961,22548538,471103
3100000US23420,23420,"Fresno, CA Metro Area",31-33,Manufacturing,2007,1,646,220,26898,1017979,19536,40781,595359,3288244,4536551,7827264,172871
3100000US23460,23460,"Gadsden, AL Metro Area",31-33,Manufacturing,2007,1,118,38,5430,203689,4446,9406,157583,438747,818402,1252962,27768
3100000US23540,23540,"Gainesville, FL Metro Area",31-33,Manufacturing,2007,1,154,42,4028,178556,2758,5651,93942,602285,469105,1068893,80299
3100000US23580,23580,"Gainesville, GA Metro Area",31-33,Manufacturing,2007,1,265,95,17296,602544,14296,28895,428517,2620187,3477973,6068981,161435
3100000US24020,24020,"Glens Falls, NY Metro Area",31-33,Manufacturing,2007,1,176,50,7263,302893,4971,9812,169196,1149758,822490,1962656,50302
3100000US24140,24140,"Goldsboro, NC Metro Area",31-33,Manufacturing,2007,0,84,30,6147,221670,4725,9652,150884,845580,639453,1474760,65545
3100000US24220,24220,"Grand Forks, ND-MN Metro Area",31-33,Manufacturing,2007,0,94,31,4495,152917,3793,7292,117259,646651,924559,1519370,49241
3100000US24300,24300,"Grand Junction, CO Metro Area",31-33,Manufacturing,2007,2,177,29,2691,104860,1886,3829,61208,320306,220628,539590,17867
3100000US24340,24340,"Grand Rapids-Wyoming, MI Metro Area",31-33,Manufacturing,2007,2,1344,554,69520,3337477,49003,99446,1898026,9446042,8780864,18393869,499844
3100000US24500,24500,"Great Falls, MT Metro Area",31-33,Manufacturing,2007,1,81,15,1094,44785,789,1537,27739,232880,438062,670881,15248
3100000US24540,24540,"Greeley, CO Metro Area",31-33,Manufacturing,2007,0,284,77,10186,451760,7567,15690,293752,1211175,2986254,4193672,99387
3100000US24580,24580,"Green Bay, WI Metro Area",31-33,Manufacturing,2007,0,552,215,29482,1245015,22639,46767,829206,4051289,6073621,10130503,269131
3100000US24660,24660,"Greensboro-High Point, NC Metro Area",31-33,Manufacturing,2007,0,1194,489,63505,2461313,47820,94761,1522428,13558295,17942324,31456487,572803
3100000US24780,24780,"Greenville, NC Metro Area",31-33,Manufacturing,2007,2,107,44,7017,268456,5067,9800,154686,886755,1188371,2053483,143082
3100000US24860,24860,"Greenville-Mauldin-Easley, SC Metro Area",31-33,Manufacturing,2007,1,825,280,41280,1672036,30134,60855,1048030,6213494,7680898,13843635,289291
3100000US25060,25060,"Gulfport-Biloxi, MS Metro Area",31-33,Manufacturing,2007,0,165,47,4713,219006,3628,7345,139575,965514,D,D,96135
3100000US25180,25180,"Hagerstown-Martinsburg, MD-WV Metro Area",31-33,Manufacturing,2007,0,201,76,10289,464809,8070,16521,342187,1825257,1685553,3522337,213386
3100000US25260,25260,"Hanford-Corcoran, CA Metro Area",31-33,Manufacturing,2007,1,73,31,4291,148715,3621,7324,111045,702960,1407380,2107702,75128
3100000US25420,25420,"Harrisburg-Carlisle, PA Metro Area",31-33,Manufacturing,2007,0,450,147,20726,876086,15671,31356,613828,3730135,3994672,7695429,160803
3100000US25500,25500,"Harrisonburg, VA Metro Area",31-33,Manufacturing,2007,0,134,46,10112,399847,8335,17207,283593,3572227,2640298,6183820,109912
3100000US25540,25540,"Hartford-West Hartford-East Hartford, CT Metro Area",31-33,Manufacturing,2007,3,1813,620,77946,4299504,47756,99240,2207609,10865725,8775125,19373956,543340
3100000US25620,25620,"Hattiesburg, MS Metro Area",31-33,Manufacturing,2007,0,110,37,5737,198118,4448,9182,145241,521988,760611,1282563,59525
3100000US25860,25860,"Hickory-Lenoir-Morganton, NC Metro Area",31-33,Manufacturing,2007,1,845,358,50686,1618189,39349,76936,1120112,4893825,5708553,10725477,219908
3100000US25980,25980,"Hinesville-Fort Stewart, GA Metro Area",31-33,Manufacturing,2007,0,19,8,1183,58263,865,1860,40427,212706,505425,704016,27442
3100000US26100,26100,"Holland-Grand Haven, MI Metro Area",31-33,Manufacturing,2007,0,584,206,31912,1395497,23167,47902,823127,4483367,4737630,9210895,284088
3100000US26180,26180,"Honolulu, HI Metro Area",31-33,Manufacturing,2007,0,684,138,10996,398932,7322,13464,224670,2694778,5545636,8201881,51694
3100000US26300,26300,"Hot Springs, AR Metro Area",31-33,Manufacturing,2007,2,119,23,2786,99889,2063,4060,63224,335313,332522,661675,24870
3100000US26380,26380,"Houma-Bayou Cane-Thibodaux, LA Metro Area",31-33,Manufacturing,2007,2,185,56,8372,360730,6931,15098,285166,807159,919089,1729896,61755
3100000US26420,26420,"Houston-Sugar Land-Baytown, TX Metro Area",31-33,Manufacturing,2007,0,5484,1820,222142,12175299,145314,309853,6546056,81535133,159163887,238606522,6770439
3100000US26580,26580,"Huntington-Ashland, WV-KY-OH Metro Area",31-33,Manufacturing,2007,0,213,76,10799,562327,7817,16665,382986,4674117,10514723,15159147,172855
3100000US26620,26620,"Huntsville, AL Metro Area",31-33,Manufacturing,2007,0,391,134,27771,1303577,19503,41420,744325,3882521,5778689,9597999,256192
3100000US26820,26820,"Idaho Falls, ID Metro Area",31-33,Manufacturing,2007,1,177,50,3649,119114,2889,5324,82238,416538,398915,796302,D
3100000US26900,26900,"Indianapolis-Carmel, IN Metro Area",31-33,Manufacturing,2007,0,1803,612,88795,4407408,59116,119187,2528688,21915815,14060971,35647647,1472406
3100000US26980,26980,"Iowa City, IA Metro Area",31-33,Manufacturing,2007,0,122,33,6712,263787,5106,10029,181059,2131932,6824467,8945359,124281
3100000US27060,27060,"Ithaca, NY Metro Area",31-33,Manufacturing,2007,0,92,21,3152,137327,2282,4323,82593,425106,321451,742802,29583
3100000US27100,27100,"Jackson, MI Metro Area",31-33,Manufacturing,2007,1,284,96,9250,403608,6520,13710,250249,1281663,1513570,2782988,64476
3100000US27140,27140,"Jackson, MS Metro Area",31-33,Manufacturing,2007,0,403,138,19953,813442,15613,30042,561797,3697071,6800328,10509109,198667
3100000US27180,27180,"Jackson, TN Metro Area",31-33,Manufacturing,2007,1,137,60,10111,452079,7962,16225,313307,2173809,2392500,4567874,96326
3100000US27260,27260,"Jacksonville, FL Metro Area",31-33,Manufacturing,2007,1,869,251,31029,1460013,21487,43373,795060,6909665,6153902,13029442,389298
3100000US27340,27340,"Jacksonville, NC Metro Area",31-33,Manufacturing,2007,1,43,6,1016,31750,867,1637,22790,84695,171270,253035,8401
3100000US27500,27500,"Janesville, WI Metro Area",31-33,Manufacturing,2007,0,236,78,13527,720336,9921,19418,484740,5867901,6498469,12381604,166642
3100000US27620,27620,"Jefferson City, MO Metro Area",31-33,Manufacturing,2007,0,160,37,5992,239210,4615,9104,161977,1183697,1182985,2357570,43658
3100000US27740,27740,"Johnson City, TN Metro Area",31-33,Manufacturing,2007,2,212,80,10146,367393,7533,15130,219146,1127929,1092451,2222890,60883
3100000US27780,27780,"Johnstown, PA Metro Area",31-33,Manufacturing,2007,1,146,51,5409,199614,4125,7739,125926,497271,917428,1439815,39910
3100000US27860,27860,"Jonesboro, AR Metro Area",31-33,Manufacturing,2007,1,139,45,7289,258998,5759,10653,167500,892886,1098083,2002348,80112
3100000US27900,27900,"Joplin, MO Metro Area",31-33,Manufacturing,2007,1,269,79,13785,490667,10970,22739,340275,1681425,2314398,3983213,84393
3100000US28020,28020,"Kalamazoo-Portage, MI Metro Area",31-33,Manufacturing,2007,0,434,152,21099,1064980,13560,27709,512090,5281815,3041978,8458773,169560
3100000US28100,28100,"Kankakee-Bradley, IL Metro Area",31-33,Manufacturing,2007,1,115,48,5633,280794,4091,8586,176466,1259650,2155041,3418939,67622
3100000US28140,28140,"Kansas City, MO-KS Metro Area",31-33,Manufacturing,2007,0,2033,668,82421,4091706,56303,114646,2466966,16498759,22559936,38875992,925921
3100000US28420,28420,"Kennewick-Richland-Pasco, WA Metro Area",31-33,Manufacturing,2007,0,190,50,5975,241695,4622,8828,173401,929411,1147341,2049739,45551
3100000US28660,28660,"Killeen-Temple-Fort Hood, TX Metro Area",31-33,Manufacturing,2007,0,179,57,7848,277958,5967,12099,185363,1167583,985797,2146613,57503
3100000US28700,28700,"Kingsport-Bristol-Bristol, TN-VA Metro Area",31-33,Manufacturing,2007,0,320,115,27089,1150533,18165,35035,685180,4356549,4763946,9083139,399176
3100000US28740,28740,"Kingston, NY Metro Area",31-33,Manufacturing,2007,1,202,51,h,165330,D,6033,96674,D,D,D,18886
3100000US28940,28940,"Knoxville, TN Metro Area",31-33,Manufacturing,2007,1,771,253,35786,1686211,23028,45909,876794,5296472,7958621,13322300,432567
3100000US29020,29020,"Kokomo, IN Metro Area",31-33,Manufacturing,2007,0,100,35,13074,914903,9037,18501,601929,860009,2436297,3285328,99810
3100000US29100,29100,"La Crosse, WI-MN Metro Area",31-33,Manufacturing,2007,2,189,66,7756,273950,6094,11796,190445,736110,1204260,1930627,58994
3100000US29140,29140,"Lafayette, IN Metro Area",31-33,Manufacturing,2007,0,172,55,16830,780320,13068,24406,562556,7007416,5961181,13018681,285335
3100000US29180,29180,"Lafayette, LA Metro Area",31-33,Manufacturing,2007,1,344,110,10151,403083,6992,14769,258604,1178852,1181132,2361569,94205
3100000US29340,29340,"Lake Charles, LA Metro Area",31-33,Manufacturing,2007,0,134,56,8358,592172,5737,12875,377028,5864818,26162270,31622349,471897
3100000US29420,29420,"Lake Havasu City-Kingman, AZ Metro Area",31-33,Manufacturing,2007,0,164,40,3814,139640,3002,6009,101070,543976,815142,1349965,27973
3100000US29460,29460,"Lakeland, FL Metro Area",31-33,Manufacturing,2007,1,438,145,16160,697419,11502,24318,425544,2780092,4363967,7178034,188949
3100000US29540,29540,"Lancaster, PA Metro Area",31-33,Manufacturing,2007,0,920,309,40077,1735925,29678,59115,1138305,7004514,6310075,13269853,355342
3100000US29620,29620,"Lansing-East Lansing, MI Metro Area",31-33,Manufacturing,2007,0,385,139,20365,1187185,15414,33218,862465,D,D,14472811,249116
3100000US29700,29700,"Laredo, TX Metro Area",31-33,Manufacturing,2007,7,89,15,914,30742,521,996,16893,101336,136967,242392,D
3100000US29740,29740,"Las Cruces, NM Metro Area",31-33,Manufacturing,2007,2,141,26,2349,84201,1785,3529,46979,283383,648761,931885,21424
3100000US29820,29820,"Las Vegas-Paradise, NV Metro Area",31-33,Manufacturing,2007,1,1096,271,26478,1086288,18967,36402,632529,D,D,7180673,D
3100000US29940,29940,"Lawrence, KS Metro Area",31-33,Manufacturing,2007,0,88,29,3848,142990,2356,4650,82450,384060,598094,976469,37688
3100000US30020,30020,"Lawton, OK Metro Area",31-33,Manufacturing,2007,0,48,13,3549,171031,3084,6397,142678,489217,744751,1232438,27514
3100000US30140,30140,"Lebanon, PA Metro Area",31-33,Manufacturing,2007,1,213,81,9655,363340,7441,15309,250139,1199637,1205849,2393561,80564
3100000US30300,30300,"Lewiston, ID-WA Metro Area",31-33,Manufacturing,2007,0,62,14,3312,166313,2760,5962,122060,305749,661772,964589,D
3100000US30340,30340,"Lewiston-Auburn, ME Metro Area",31-33,Manufacturing,2007,1,158,54,6945,300224,4899,10016,187888,1327142,861777,2186156,101984
3100000US30460,30460,"Lexington-Fayette, KY Metro Area",31-33,Manufacturing,2007,0,459,166,30392,1502366,23302,48284,1122355,5652501,12294025,17925543,332371
3100000US30620,30620,"Lima, OH Metro Area",31-33,Manufacturing,2007,0,136,55,8661,475863,6807,13846,358490,5011521,5158162,10009041,265928
3100000US30700,30700,"Lincoln, NE Metro Area",31-33,Manufacturing,2007,2,272,97,14390,577387,10287,20722,356146,2190478,2337324,4541168,135130
3100000US30780,30780,"Little Rock-North Little Rock-Conway, AR Metro Area",31-33,Manufacturing,2007,1,615,175,24783,1033798,17551,36421,629757,4253638,4755013,8828220,201919
3100000US30860,30860,"Logan, UT-ID Metro Area",31-33,Manufacturing,2007,1,234,58,10810,420523,7846,15949,249233,1267947,2509033,3685261,D
3100000US30980,30980,"Longview, TX Metro Area",31-33,Manufacturing,2007,1,250,96,12506,522293,9600,20213,352516,1212924,3432716,4642778,172208
3100000US31020,31020,"Longview, WA Metro Area",31-33,Manufacturing,2007,0,128,49,7001,356697,5194,10206,236467,1173626,1775031,2914723,110336
3100000US31100,31100,"Los Angeles-Long Beach-Santa Ana, CA Metro Area",31-33,Manufacturing,2007,1,20509,5632,628771,29161465,408348,809248,13939331,99893647,102956662,202475647,5081996
3100000US31140,31140,"Louisville-Jefferson County, KY-IN Metro Area",31-33,Manufacturing,2007,0,1400,581,75811,3457343,57594,112350,2415175,12952254,21617637,34623829,683206
3100000US31180,31180,"Lubbock, TX Metro Area",31-33,Manufacturing,2007,1,258,67,i,204450,D,8419,D,D,D,D,D
3100000US31340,31340,"Lynchburg, VA Metro Area",31-33,Manufacturing,2007,1,302,98,18731,897983,12778,26651,521267,3769010,2242649,5973939,134956
3100000US31420,31420,"Macon, GA Metro Area",31-33,Manufacturing,2007,0,187,48,6403,266191,4922,10499,181745,940465,913051,1838236,65226
3100000US31460,31460,"Madera, CA Metro Area",31-33,Manufacturing,2007,1,116,42,4143,170256,3249,6687,117842,668742,734347,1452945,36593
3100000US31540,31540,"Madison, WI Metro Area",31-33,Manufacturing,2007,1,727,258,33367,1525550,21863,43046,802927,4324982,4847232,9107721,406627
3100000US31700,31700,"Manchester-Nashua, NH Metro Area",31-33,Manufacturing,2007,1,633,237,31243,1944428,17436,35925,653655,4002522,3912311,7707601,278042
3100000US31900,31900,"Mansfield, OH Metro Area",31-33,Manufacturing,2007,0,192,79,11080,555286,8526,16902,389615,1569928,2007145,3563738,78521
3100000US32580,32580,"McAllen-Edinburg-Mission, TX Metro Area",31-33,Manufacturing,2007,2,276,65,6007,183510,4601,9353,119428,663223,843211,1503200,38800
3100000US32780,32780,"Medford, OR Metro Area",31-33,Manufacturing,2007,3,324,68,6115,228819,4605,8911,157964,997898,1033057,2037469,41732
3100000US32820,32820,"Memphis, TN-MS-AR Metro Area",31-33,Manufacturing,2007,0,1017,364,43692,1988558,29364,61925,1136774,8185524,14444500,22469567,406631
3100000US32900,32900,"Merced, CA Metro Area",31-33,Manufacturing,2007,3,122,47,9208,348608,7660,15654,256626,1626418,2368585,3954248,156840
3100000US33100,33100,"Miami-Fort Lauderdale-Pompano Beach, FL Metro Area",31-33,Manufacturing,2007,2,5041,820,83698,3370058,55161,108051,1696448,12129710,8563634,20748540,648324
3100000US33140,33140,"Michigan City-La Porte, IN Metro Area",31-33,Manufacturing,2007,1,184,83,8808,363883,6475,13708,222653,1166830,1197785,2364020,88824
3100000US33260,33260,"Midland, TX Metro Area",31-33,Manufacturing,2007,2,140,26,2366,95218,1665,3331,60457,339748,212304,533829,25575
3100000US33340,33340,"Milwaukee-Waukesha-West Allis, WI Metro Area",31-33,Manufacturing,2007,1,2740,1069,130675,6590507,86868,174523,3412865,21498844,19961815,41284158,1108718
3100000US33460,33460,"Minneapolis-St. Paul-Bloomington, MN-WI Metro Area",31-33,Manufacturing,2007,1,4997,1650,200650,10419993,123659,246779,5011939,31999118,31043859,63158157,2003119
3100000US33540,33540,"Missoula, MT Metro Area",31-33,Manufacturing,2007,1,112,22,2159,93778,1622,3322,65676,303628,368942,674892,14350
3100000US33660,33660,"Mobile, AL Metro Area",31-33,Manufacturing,2007,1,385,126,16776,840921,11758,24188,536892,5285078,7323881,12407151,302404
3100000US33700,33700,"Modesto, CA Metro Area",31-33,Manufacturing,2007,0,443,170,24127,1032864,17536,36199,609716,4722537,4922827,9475984,229905
3100000US33740,33740,"Monroe, LA Metro Area",31-33,Manufacturing,2007,1,146,53,6927,D,D,11281,D,D,D,D,D
3100000US33780,33780,"Monroe, MI Metro Area",31-33,Manufacturing,2007,0,143,60,8555,440553,6572,13355,309491,D,D,3502955,105834
3100000US33860,33860,"Montgomery, AL Metro Area",31-33,Manufacturing,2007,0,318,120,18749,D,13811,29368,D,D,D,D,D
3100000US34060,34060,"Morgantown, WV Metro Area",31-33,Manufacturing,2007,0,98,26,3918,173747,2523,4751,91428,D,D,1480910,65098
3100000US34100,34100,"Morristown, TN Metro Area",31-33,Manufacturing,2007,1,194,92,16517,566398,11304,23907,351431,1711678,2554213,4248242,165596
3100000US34580,34580,"Mount Vernon-Anacortes, WA Metro Area",31-33,Manufacturing,2007,0,205,56,6387,294534,5238,10555,212713,D,D,8918220,94227
3100000US34620,34620,"Muncie, IN Metro Area",31-33,Manufacturing,2007,1,150,59,5268,232717,4149,8383,160538,552798,729829,1280555,54579
3100000US34740,34740,"Muskegon-Norton Shores, MI Metro Area",31-33,Manufacturing,2007,1,290,106,13271,609073,9542,19804,377965,1991895,1688613,3675844,131763
3100000US34820,34820,"Myrtle Beach-Conway-North Myrtle Beach, SC Metro Area",31-33,Manufacturing,2007,0,168,35,4103,166767,2565,5621,83306,505446,384642,894847,31859
3100000US34900,34900,"Napa, CA Metro Area",31-33,Manufacturing,2007,1,436,148,13165,632437,6629,12915,256345,2842403,1797484,4529328,298025
3100000US34940,34940,"Naples-Marco Island, FL Metro Area",31-33,Manufacturing,2007,1,228,34,3035,109463,2172,4198,69145,344034,269555,606697,22923
3100000US34980,34980,"Nashville-Davidson--Murfreesboro--Franklin, TN Metro Area",31-33,Manufacturing,2007,0,1583,529,74547,3135732,54541,108593,2026291,D,D,D,907365
3100000US35300,35300,"New Haven-Milford, CT Metro Area",31-33,Manufacturing,2007,1,1289,414,40188,1976864,26408,52932,1002113,5086981,5436440,10493031,251025
3100000US35380,35380,"New Orleans-Metairie-Kenner, LA Metro Area",31-33,Manufacturing,2007,0,764,221,35267,1939124,24263,48248,1149966,D,D,D,2296525
3100000US35620,35620,"New York-Northern New Jersey-Long Island, NY-NJ-PA Metro Area",31-33,Manufacturing,2007,2,18482,4445,449307,21711471,288168,571991,10298542,80411100,64907661,144942472,3476049
3100000US35660,35660,"Niles-Benton Harbor, MI Metro Area",31-33,Manufacturing,2007,2,332,111,10831,474710,7848,15957,282934,1132702,1164478,2298338,82472
3100000US35980,35980,"Norwich-New London, CT Metro Area",31-33,Manufacturing,2007,0,201,52,j,848758,D,13329,D,D,D,D,98567
3100000US36100,36100,"Ocala, FL Metro Area",31-33,Manufacturing,2007,2,221,73,8904,320890,6398,12740,190275,933426,911383,1841509,59656
3100000US36140,36140,"Ocean City, NJ Metro Area",31-33,Manufacturing,2007,2,81,8,662,18874,D,794,10912,D,D,D,2890
3100000US36220,36220,"Odessa, TX Metro Area",31-33,Manufacturing,2007,1,240,63,4814,221952,3504,7007,140797,907767,1149558,2049699,88386
3100000US36260,36260,"Ogden-Clearfield, UT Metro Area",31-33,Manufacturing,2007,0,529,162,22140,909751,15851,31723,D,3655874,5491657,9104335,274021
3100000US36420,36420,"Oklahoma City, OK Metro Area",31-33,Manufacturing,2007,1,1138,291,32649,1278946,22941,47153,763302,4769278,5481674,10180977,247447
3100000US36500,36500,"Olympia, WA Metro Area",31-33,Manufacturing,2007,1,189,40,3118,120740,2279,4257,79212,394928,476602,870094,35300
3100000US36540,36540,"Omaha-Council Bluffs, NE-IA Metro Area",31-33,Manufacturing,2007,1,748,233,33757,1377633,24966,52065,870606,5507327,8841926,14272184,393830
3100000US36740,36740,"Orlando-Kissimmee, FL Metro Area",31-33,Manufacturing,2007,0,1473,375,43017,2060158,24645,49017,818556,7951345,6227535,14026984,387006
3100000US36780,36780,"Oshkosh-Neenah, WI Metro Area",31-33,Manufacturing,2007,0,319,156,23777,1149751,16777,33734,732213,3804880,5380260,9198861,266480
3100000US36980,36980,"Owensboro, KY Metro Area",31-33,Manufacturing,2007,0,135,54,9342,424258,7153,14221,289960,1989576,2842356,4765027,131273
3100000US37100,37100,"Oxnard-Thousand Oaks-Ventura, CA Metro Area",31-33,Manufacturing,2007,1,954,266,33602,1643439,20733,43403,729655,5418188,3377134,8769037,237221
3100000US37340,37340,"Palm Bay-Melbourne-Titusville, FL Metro Area",31-33,Manufacturing,2007,0,473,119,22772,1172459,10387,20373,420203,4668733,2057234,6767571,150589
3100000US37380,37380,"Palm Coast, FL Metro Area",31-33,Manufacturing,2007,0,52,8,1031,29913,658,1370,19527,142840,92186,235664,15153
3100000US37460,37460,"Panama City-Lynn Haven, FL Metro Area",31-33,Manufacturing,2007,0,116,23,3702,153377,2959,5814,112792,492418,770562,1254295,40466
3100000US37620,37620,"Parkersburg-Marietta-Vienna, WV-OH Metro Area",31-33,Manufacturing,2007,1,178,68,9219,474023,6645,13935,301339,2235831,2981064,5203743,179006
3100000US37700,37700,"Pascagoula, MS Metro Area",31-33,Manufacturing,2007,0,96,26,14386,672161,10024,18174,371597,2751243,D,D,206636
3100000US37860,37860,"Pensacola-Ferry Pass-Brent, FL Metro Area",31-33,Manufacturing,2007,0,246,45,5710,271085,4139,8360,165734,604250,1597612,2191924,337002
3100000US37900,37900,"Peoria, IL Metro Area",31-33,Manufacturing,2007,0,362,138,j,D,D,31363,D,D,D,D,D
3100000US37980,37980,"Philadelphia-Camden-Wilmington, PA-NJ-DE-MD Metro Area",31-33,Manufacturing,2007,0,5881,1899,224483,12018507,146831,298736,6519860,47023017,75720995,122509805,2832983
3100000US38060,38060,"Phoenix-Mesa-Scottsdale, AZ Metro Area",31-33,Manufacturing,2007,1,3520,1060,124958,6195174,78613,158192,2994351,22897079,19688026,42331973,1357821
3100000US38220,38220,"Pine Bluff, AR Metro Area",31-33,Manufacturing,2007,0,69,30,5260,173896,4287,8705,127489,783123,700672,1477911,17314
3100000US38300,38300,"Pittsburgh, PA Metro Area",31-33,Manufacturing,2007,1,2755,926,101747,4809818,67655,135645,2682349,19285394,18780608,38078152,1191439
3100000US38340,38340,"Pittsfield, MA Metro Area",31-33,Manufacturing,2007,1,173,49,6204,317083,3747,7615,D,817259,626737,1425512,40892
3100000US38540,38540,"Pocatello, ID Metro Area",31-33,Manufacturing,2007,1,66,19,3320,130498,2727,5541,95394,576267,621135,1206506,42999
3100000US38860,38860,"Portland-South Portland-Biddeford, ME Metro Area",31-33,Manufacturing,2007,1,715,182,26666,1187914,18170,36184,724943,3869080,2863966,6744007,288213
3100000US38900,38900,"Portland-Vancouver-Beaverton, OR-WA Metro Area",31-33,Manufacturing,2007,0,3281,942,110749,5358218,73664,143457,2798223,31290780,16389947,47590743,3193425
3100000US38940,38940,"Port St. Lucie, FL Metro Area",31-33,Manufacturing,2007,1,295,65,6106,231827,4567,8589,152008,942343,843313,1772571,57211
3100000US39100,39100,"Poughkeepsie-Newburgh-Middletown, NY Metro Area",31-33,Manufacturing,2007,1,554,141,23458,1584056,10096,22145,403666,3250960,2918708,6176507,643185
3100000US39140,39140,"Prescott, AZ Metro Area",31-33,Manufacturing,2007,3,233,41,3618,143584,2602,5240,90175,450793,313639,763989,61174
3100000US39300,39300,"Providence-New Bedford-Fall River, RI-MA Metro Area",31-33,Manufacturing,2007,2,2628,791,88819,4034288,57376,112599,1958444,10633979,10126667,20939631,591039
3100000US39340,39340,"Provo-Orem, UT Metro Area",31-33,Manufacturing,2007,1,530,143,18472,815068,13060,26816,511645,3217541,1839416,4867116,D
3100000US39380,39380,"Pueblo, CO Metro Area",31-33,Manufacturing,2007,1,106,32,3838,180341,2720,5621,112983,813191,915592,1705822,46689
3100000US39460,39460,"Punta Gorda, FL Metro Area",31-33,Manufacturing,2007,5,64,3,430,14578,291,492,8412,54848,49358,103749,3278
3100000US39540,39540,"Racine, WI Metro Area",31-33,Manufacturing,2007,0,345,124,17183,890774,10176,20863,432091,4131198,3730818,7863331,145001
3100000US39580,39580,"Raleigh-Cary, NC Metro Area",31-33,Manufacturing,2007,1,810,226,27491,1263721,17985,36327,676867,10848229,6664700,17544033,313630
3100000US39660,39660,"Rapid City, SD Metro Area",31-33,Manufacturing,2007,1,163,37,3201,112325,2183,4292,65948,292159,408296,713797,17797
3100000US39740,39740,"Reading, PA Metro Area",31-33,Manufacturing,2007,1,550,215,32597,1487881,23186,49166,937907,3377141,5322564,8461848,318995
3100000US39820,39820,"Redding, CA Metro Area",31-33,Manufacturing,2007,1,167,32,2794,117121,2049,4050,77633,341879,337216,662910,29503
3100000US39900,39900,"Reno-Sparks, NV Metro Area",31-33,Manufacturing,2007,1,507,150,15502,765787,9926,20410,353300,3556580,2351134,5884338,391280
3100000US40060,40060,"Richmond, VA Metro Area",31-33,Manufacturing,2007,0,1035,317,42516,2196110,30214,62703,1335335,14313198,8557750,22849043,494637
3100000US40140,40140,"Riverside-San Bernardino-Ontario, CA Metro Area",31-33,Manufacturing,2007,1,3668,1186,122090,4855049,89325,179528,2891980,16229986,16376496,32530868,1333192
3100000US40220,40220,"Roanoke, VA Metro Area",31-33,Manufacturing,2007,0,346,128,17968,733015,12922,26688,467689,2181923,2725611,4915021,213826
3100000US40340,40340,"Rochester, MN Metro Area",31-33,Manufacturing,2007,0,160,53,12447,711387,6164,11906,222655,1497878,2680465,4212701,106258
3100000US40380,40380,"Rochester, NY Metro Area",31-33,Manufacturing,2007,1,1333,469,66957,3036882,41303,80716,1550407,12521537,9037955,21530816,634379
3100000US40420,40420,"Rockford, IL Metro Area",31-33,Manufacturing,2007,1,756,275,33901,1742138,23832,47447,1047610,5997925,7618787,13467040,252822
3100000US40580,40580,"Rocky Mount, NC Metro Area",31-33,Manufacturing,2007,1,145,64,12735,500749,9508,19136,337838,1937308,2245279,4183086,90540
3100000US40660,40660,"Rome, GA Metro Area",31-33,Manufacturing,2007,0,109,44,7726,312692,6150,13149,216025,1414494,1917405,3346076,87691
3100000US40900,40900,"Sacramento--Arden-Arcade--Roseville, CA Metro Area",31-33,Manufacturing,2007,1,1598,387,44504,1859318,28158,55719,994505,7183676,5691761,12821780,418277
3100000US40980,40980,"Saginaw-Saginaw Township North, MI Metro Area",31-33,Manufacturing,2007,0,219,73,11437,659034,8161,16674,390858,2267745,2322888,4604837,129380
3100000US41060,41060,"St. Cloud, MN Metro Area",31-33,Manufacturing,2007,0,330,121,17503,693967,13446,26740,474412,2167506,2427175,4584641,133033
3100000US41100,41100,"St. George, UT Metro Area",31-33,Manufacturing,2007,3,154,37,3225,117420,2407,4682,71771,307145,318322,609632,74952
3100000US41140,41140,"St. Joseph, MO-KS Metro Area",31-33,Manufacturing,2007,0,126,54,9871,413365,7353,16167,248958,1734705,3199568,4934803,D
3100000US41180,41180,"St. Louis, MO-IL Metro Area",31-33,Manufacturing,2007,0,2976,983,132161,6916184,94078,184705,4417342,27860400,43015545,67121113,D
3100000US41420,41420,"Salem, OR Metro Area",31-33,Manufacturing,2007,1,448,123,12783,438063,9960,19545,287110,1699086,1569935,3262041,84616
3100000US41500,41500,"Salinas, CA Metro Area",31-33,Manufacturing,2007,2,301,57,7333,268440,5136,10652,155914,1091003,1171155,2227640,55845
3100000US41540,41540,"Salisbury, MD Metro Area",31-33,Manufacturing,2007,2,100,37,h,D,3405,6013,D,D,D,1124339,39058
3100000US41620,41620,"Salt Lake City, UT Metro Area",31-33,Manufacturing,2007,1,1560,461,53639,2442007,34531,67356,1209371,9372301,10340962,19597622,647678
3100000US41660,41660,"San Angelo, TX Metro Area",31-33,Manufacturing,2007,1,121,26,2932,114030,2364,5268,79253,442791,450014,877769,21686
3100000US41700,41700,"San Antonio, TX Metro Area",31-33,Manufacturing,2007,1,1332,385,48294,1869884,34122,70762,1095514,6003934,9978799,15945699,402625
3100000US41740,41740,"San Diego-Carlsbad-San Marcos, CA Metro Area",31-33,Manufacturing,2007,2,3182,835,102168,5244559,60920,119432,2290038,16407838,11497083,27541073,799507
3100000US41780,41780,"Sandusky, OH Metro Area",31-33,Manufacturing,2007,2,110,47,7149,344866,5182,10203,226090,1043528,1290207,2329903,38224
3100000US41860,41860,"San Francisco-Oakland-Fremont, CA Metro Area",31-33,Manufacturing,2007,1,4462,1193,143318,8277120,85840,165956,3533593,39395370,39326079,77651201,3203402
3100000US41940,41940,"San Jose-Sunnyvale-Santa Clara, CA Metro Area",31-33,Manufacturing,2007,2,2683,840,145580,10397911,65652,130552,3103464,27304590,18335321,45719065,1883046
3100000US42020,42020,"San Luis Obispo-Paso Robles, CA Metro Area",31-33,Manufacturing,2007,1,377,73,6517,260358,3954,7389,131946,1035331,1542057,2548202,49037
3100000US42060,42060,"Santa Barbara-Santa Maria-Goleta, CA Metro Area",31-33,Manufacturing,2007,1,505,135,13149,676768,7169,14070,273321,2056506,1122836,3174119,109518
3100000US42100,42100,"Santa Cruz-Watsonville, CA Metro Area",31-33,Manufacturing,2007,2,329,68,6689,301601,3910,7724,135072,817698,682326,1502419,41090
3100000US42140,42140,"Santa Fe, NM Metro Area",31-33,Manufacturing,2007,5,153,12,980,34524,633,1142,19021,D,D,D,D
3100000US42220,42220,"Santa Rosa-Petaluma, CA Metro Area",31-33,Manufacturing,2007,1,885,232,24077,1201182,12820,24108,440242,3495260,2489177,5841879,242521
3100000US42260,42260,"Sarasota-Bradenton-Venice, FL Metro Area",31-33,Manufacturing,2007,1,630,142,17798,763136,11161,22855,396042,2254529,2131840,4351739,159028
3100000US42340,42340,"Savannah, GA Metro Area",31-33,Manufacturing,2007,0,226,73,15650,899202,11701,24061,605069,4206977,4252628,8463530,266156
3100000US42540,42540,"Scranton--Wilkes-Barre, PA Metro Area",31-33,Manufacturing,2007,1,649,246,32526,1238381,25111,51269,829164,6223728,4944907,11135448,424204
3100000US42660,42660,"Seattle-Tacoma-Bellevue, WA Metro Area",31-33,Manufacturing,2007,5,4024,1131,165676,8809414,100146,193294,4038830,36280895,29304032,64901702,1335199
3100000US42680,42680,"Sebastian-Vero Beach, FL Metro Area",31-33,Manufacturing,2007,1,99,19,2179,87681,1621,2500,56728,241317,181487,413041,20098
3100000US43100,43100,"Sheboygan, WI Metro Area",31-33,Manufacturing,2007,1,246,107,18774,815955,13613,26696,485964,2645085,3568986,6126057,151885
3100000US43300,43300,"Sherman-Denison, TX Metro Area",31-33,Manufacturing,2007,1,132,47,6148,293694,4679,9516,161778,1326651,1213237,2542832,84898
3100000US43340,43340,"Shreveport-Bossier City, LA Metro Area",31-33,Manufacturing,2007,0,303,94,12519,614989,9529,20314,448300,3094213,5852031,8801479,384441
3100000US43580,43580,"Sioux City, IA-NE-SD Metro Area",31-33,Manufacturing,2007,0,166,78,j,408890,D,18671,D,D,D,D,82644
3100000US43620,43620,"Sioux Falls, SD Metro Area",31-33,Manufacturing,2007,1,264,81,13300,541427,10165,21629,371574,1807040,2253406,4044174,134727
3100000US43780,43780,"South Bend-Mishawaka, IN-MI Metro Area",31-33,Manufacturing,2007,0,512,193,20781,975766,15050,31364,621200,3589454,5078046,8722293,158451
3100000US43900,43900,"Spartanburg, SC Metro Area",31-33,Manufacturing,2007,4,462,179,26108,1204897,19708,39852,777901,3992139,7750479,11731761,241116
3100000US44060,44060,"Spokane, WA Metro Area",31-33,Manufacturing,2007,1,589,172,17412,730746,12142,22767,394759,1668004,2236387,3895374,176829
3100000US44100,44100,"Springfield, IL Metro Area",31-33,Manufacturing,2007,2,123,32,3172,137089,2048,3472,68824,324884,359387,683382,24084
3100000US44140,44140,"Springfield, MA Metro Area",31-33,Manufacturing,2007,1,941,308,32853,1501540,22936,45438,862028,4102702,4219933,8264306,258538
3100000US44180,44180,"Springfield, MO Metro Area",31-33,Manufacturing,2007,1,538,139,18405,664649,13590,26452,420879,1790914,2670286,4428787,137738
3100000US44220,44220,"Springfield, OH Metro Area",31-33,Manufacturing,2007,0,182,72,7164,299226,5125,9972,194011,929848,1571753,2494342,68100
3100000US44300,44300,"State College, PA Metro Area",31-33,Manufacturing,2007,2,150,44,4341,180974,2937,5791,100174,585934,627446,1216463,76957
3100000US44700,44700,"Stockton, CA Metro Area",31-33,Manufacturing,2007,1,585,231,23442,938575,17925,35177,616386,4055329,4242425,8272476,242016
3100000US44940,44940,"Sumter, SC Metro Area",31-33,Manufacturing,2007,0,82,40,7707,253336,6448,12378,200141,908658,1031859,1921957,126572
3100000US45060,45060,"Syracuse, NY Metro Area",31-33,Manufacturing,2007,1,633,229,29539,1467192,20252,40242,799088,4487124,6291068,10634187,261758
3100000US45220,45220,"Tallahassee, FL Metro Area",31-33,Manufacturing,2007,0,152,37,4293,177656,2602,5113,79769,491823,536069,1027427,34060
3100000US45300,45300,"Tampa-St. Petersburg-Clearwater, FL Metro Area",31-33,Manufacturing,2007,1,2323,550,65945,2762980,43177,86713,1432472,9259334,9329384,18564577,568817
3100000US45460,45460,"Terre Haute, IN Metro Area",31-33,Manufacturing,2007,1,190,69,11628,519326,9004,18129,368855,1961923,2559082,4552632,144685
3100000US45500,45500,"Texarkana, TX-Texarkana, AR Metro Area",31-33,Manufacturing,2007,3,94,26,4825,233023,3794,7489,166987,869120,1572928,2442067,49662
3100000US45780,45780,"Toledo, OH Metro Area",31-33,Manufacturing,2007,0,927,347,49565,2557947,36801,79585,1748292,8162353,20751848,28585107,742131
3100000US45820,45820,"Topeka, KS Metro Area",31-33,Manufacturing,2007,0,156,52,6810,300066,5213,14203,214654,1427419,989309,2418150,105584
3100000US45940,45940,"Trenton-Ewing, NJ Metro Area",31-33,Manufacturing,2007,3,293,94,9352,420064,5890,11880,D,D,D,D,73257
3100000US46060,46060,"Tucson, AZ Metro Area",31-33,Manufacturing,2007,1,760,178,30567,1876968,14763,29025,566594,6644885,3819153,10365206,238045
3100000US46140,46140,"Tulsa, OK Metro Area",31-33,Manufacturing,2007,0,1448,458,55034,2496465,38294,80124,1477737,9268120,12612388,21574597,667507
3100000US46220,46220,"Tuscaloosa, AL Metro Area",31-33,Manufacturing,2007,0,171,62,14378,755852,11429,22809,583402,2336057,8779569,11142212,282736
3100000US46340,46340,"Tyler, TX Metro Area",31-33,Manufacturing,2007,1,224,78,10737,474481,7758,15277,302084,3225893,2198268,5423538,132442
3100000US46540,46540,"Utica-Rome, NY Metro Area",31-33,Manufacturing,2007,1,329,112,13713,546994,9914,19283,319789,1579041,2243834,3798155,68544
3100000US46660,46660,"Valdosta, GA Metro Area",31-33,Manufacturing,2007,0,128,49,4881,180125,3795,8624,127369,788573,1532933,2326416,49877
3100000US46700,46700,"Vallejo-Fairfield, CA Metro Area",31-33,Manufacturing,2007,0,296,94,10357,578901,7123,14554,344631,2841968,5847350,8377320,203691
3100000US47020,47020,"Victoria, TX Metro Area",31-33,Manufacturing,2007,0,99,22,5007,346620,3374,7422,207789,2480990,9588626,11902872,266392
3100000US47220,47220,"Vineland-Millville-Bridgeton, NJ Metro Area",31-33,Manufacturing,2007,1,175,75,9037,341635,6665,12940,226956,1146179,1500212,2591390,83875
3100000US47260,47260,"Virginia Beach-Norfolk-Newport News, VA-NC Metro Area",31-33,Manufacturing,2007,0,1000,301,57622,2588415,38167,85318,1360901,8050016,8202251,16143380,976653
3100000US47300,47300,"Visalia-Porterville, CA Metro Area",31-33,Manufacturing,2007,2,278,95,12443,458341,9473,19433,307884,1482700,3531705,5015960,141957
3100000US47380,47380,"Waco, TX Metro Area",31-33,Manufacturing,2007,0,255,92,13971,550422,10505,21628,356270,3806750,2171446,5888916,98303
3100000US47580,47580,"Warner Robins, GA Metro Area",31-33,Manufacturing,2007,0,64,14,2511,97227,1914,3146,62752,D,D,1422893,92090
3100000US47900,47900,"Washington-Arlington-Alexandria, DC-VA-MD-WV Metro Area",31-33,Manufacturing,2007,1,2453,580,63946,3312468,38093,75621,1503587,10529764,7010261,17576747,507778
3100000US47940,47940,"Waterloo-Cedar Falls, IA Metro Area",31-33,Manufacturing,2007,0,215,83,15137,652387,11168,23479,444220,3442201,3312749,6723861,112667
3100000US48140,48140,"Wausau, WI Metro Area",31-33,Manufacturing,2007,0,250,102,18678,765589,14581,28933,537774,1988306,D,D,149538
3100000US48260,48260,"Weirton-Steubenville, WV-OH Metro Area",31-33,Manufacturing,2007,1,83,43,8433,428291,6818,13118,330668,1308430,4233226,5466955,99565
3100000US48300,48300,"Wenatchee, WA Metro Area",31-33,Manufacturing,2007,0,121,20,2168,88277,1648,3339,61392,408949,289065,700729,24690
3100000US48540,48540,"Wheeling, WV-OH Metro Area",31-33,Manufacturing,2007,2,129,29,3032,122062,2335,4706,85730,434521,557441,994222,28874
3100000US48620,48620,"Wichita, KS Metro Area",31-33,Manufacturing,2007,0,724,255,60130,3212510,40285,80984,1874870,11841031,13905574,25390856,867696
3100000US48660,48660,"Wichita Falls, TX Metro Area",31-33,Manufacturing,2007,1,155,41,6336,271652,4992,10192,192553,758266,817789,1548771,44670
3100000US48700,48700,"Williamsport, PA Metro Area",31-33,Manufacturing,2007,1,183,73,10240,408661,7440,15058,252898,1803773,1573315,3358208,107997
3100000US48900,48900,"Wilmington, NC Metro Area",31-33,Manufacturing,2007,1,312,75,9167,441890,6896,14047,300360,2305907,2557785,4808680,171417
3100000US49020,49020,"Winchester, VA-WV Metro Area",31-33,Manufacturing,2007,2,128,66,8970,D,D,14562,234086,D,D,3459934,97842
3100000US49180,49180,"Winston-Salem, NC Metro Area",31-33,Manufacturing,2007,0,480,171,24818,1095578,18455,36972,691780,11079373,7683151,18942745,215723
3100000US49340,49340,"Worcester, MA Metro Area",31-33,Manufacturing,2007,1,1099,383,39334,1953911,24885,50994,960081,6212440,4479034,10706055,313154
3100000US49420,49420,"Yakima, WA Metro Area",31-33,Manufacturing,2007,1,255,79,8696,304429,6855,12982,206858,1042847,1654648,2686079,69774
3100000US49620,49620,"York-Hanover, PA Metro Area",31-33,Manufacturing,2007,1,600,266,38016,1669791,27257,53487,1004744,6311505,5994762,11957398,283904
3100000US49660,49660,"Youngstown-Warren-Boardman, OH-PA Metro Area",31-33,Manufacturing,2007,0,840,306,37611,1879946,28695,57665,1325958,4987444,9679526,14779689,332265
3100000US49700,49700,"Yuba City, CA Metro Area",31-33,Manufacturing,2007,1,116,32,2470,94639,1860,3987,59535,408989,303197,664868,17619
3100000US49740,49740,"Yuma, AZ Metro Area",31-33,Manufacturing,2007,1,82,18,2856,87989,2362,4531,66286,350552,530376,891604,13760
